Date,FltDates,CumValue,ReValue
2018-01-02,18.005479452054793,15.664656743968203,15.604939857194545
2018-01-03,18.008219178082193,15.738540268576239,15.678541722641732
2018-01-04,18.01095890410959,15.657661584705645,15.597971364914894
2018-01-05,18.013698630136986,15.54890468748335,15.48962907130782
2018-01-06,18.016438356164382,15.549003317711563,15.48972732553736
2018-01-07,18.019178082191782,15.549003317711563,15.48972732553736
2018-01-08,18.02191780821918,15.549003317711563,15.48972732553736
2018-01-09,18.024657534246575,15.579837592806948,15.520444054047159
2018-01-10,18.027397260273972,15.58545287724209,15.526037931865464
2018-01-11,18.03013698630137,15.659435032078338,15.599738051542191
2018-01-12,18.03287671232877,15.67785612393245,15.618088918413115
2018-01-13,18.035616438356165,15.68051724335907,15.620739893106268
2018-01-14,18.03835616438356,15.68051724335907,15.620739893106268
2018-01-15,18.041095890410958,15.68051724335907,15.620739893106268
2018-01-16,18.043835616438358,15.61352835105022,15.554006376204777
2018-01-17,18.046575342465754,15.620818452629843,15.561268686420838
2018-01-18,18.04931506849315,15.619734468487067,15.56018883464811
2018-01-19,18.052054794520547,15.711251939858661,15.651357422634321
2018-01-20,18.054794520547944,15.726422976019608,15.666470623691476
2018-01-21,18.057534246575344,15.726422976019608,15.666470623691476
2018-01-22,18.06027397260274,15.726422976019608,15.666470623691476
2018-01-23,18.063013698630137,15.79685823611047,15.736637370113607
2018-01-24,18.065753424657533,15.721497154814385,15.66156358072774
2018-01-25,18.068493150684933,15.704061416874833,15.644194311400005
2018-01-26,18.07123287671233,15.742874308412178,15.682859240228229
2018-01-27,18.073972602739726,15.599539929260263,15.54007128114989
2018-01-28,18.076712328767123,15.599539929260263,15.54007128114989
2018-01-29,18.07945205479452,15.599539929260263,15.54007128114989
2018-01-30,18.08219178082192,15.406062511104926,15.347331438624973
2018-01-31,18.084931506849315,15.433843042595994,15.375006065027874
2018-02-01,18.087671232876712,15.329617445666065,15.271177797466377
2018-02-02,18.09041095890411,15.23415950700381,15.176083764059623
2018-02-03,18.09315068493151,15.088164956792854,15.030645775040337
2018-02-04,18.095890410958905,15.088164956792854,15.030645775040337
2018-02-05,18.0986301369863,15.088164956792854,15.030645775040337
2018-02-06,18.101369863013698,15.145301258323677,15.087564261262152
2018-02-07,18.104109589041094,15.107080148155616,15.049488857811166
2018-02-08,18.106849315068494,14.911434761714728,14.854589311740792
2018-02-09,18.10958904109589,14.863853263542133,14.80718920400562
2018-02-10,18.112328767123287,15.06097525830349,15.003559729262465
2018-02-11,18.115068493150684,15.06097525830349,15.003559729262465
2018-02-12,18.117808219178084,15.06097525830349,15.003559729262465
2018-02-13,18.12054794520548,15.005612404145362,14.948407929667948
2018-02-14,18.123287671232877,15.073782962457619,15.0163186078195
2018-02-15,18.126027397260273,15.149734876755408,15.091980977830396
2018-02-16,18.12876712328767,15.277603277429314,15.219361917915169
2018-02-17,18.13150684931507,15.326170129516472,15.26774362319353
2018-02-18,18.134246575342466,15.326170129516472,15.26774362319353
2018-02-19,18.136986301369863,15.326170129516472,15.26774362319353
2018-02-20,18.13972602739726,15.326170129516472,15.26774362319353
2018-02-21,18.14246575342466,15.311688556585443,15.253317256990945
2018-02-22,18.145205479452056,15.308043031611843,15.24968562950681
2018-02-23,18.147945205479452,15.358678273388756,15.30012783934888
2018-02-24,18.15068493150685,15.397984316067172,15.3392840393248
2018-02-25,18.153424657534245,15.397984316067172,15.3392840393248
2018-02-26,18.156164383561645,15.397984316067172,15.3392840393248
2018-02-27,18.15890410958904,15.19741500515622,15.139479339795107
2018-02-28,18.161643835616438,15.051124564260622,14.993746588087204
2018-03-01,18.164383561643834,14.991032200986119,14.933883309235824
2018-03-02,18.167123287671235,15.111216927535127,15.053609866938583
2018-03-03,18.16986301369863,15.24942917339297,15.191295219346316
2018-03-04,18.172602739726027,15.24942917339297,15.191295219346316
2018-03-05,18.175342465753424,15.24942917339297,15.191295219346316
2018-03-06,18.17808219178082,15.198005838157924,15.140067920420138
2018-03-07,18.18082191780822,15.130525691443165,15.072845021875363
2018-03-08,18.183561643835617,15.186873899515854,15.12897841901307
2018-03-09,18.186301369863013,15.182145338767059,15.124267884508415
2018-03-10,18.18904109589041,15.201059581762241,15.143110022527035
2018-03-11,18.19178082191781,15.201059581762241,15.143110022527035
2018-03-12,18.194520547945206,15.201059581762241,15.143110022527035
2018-03-13,18.197260273972603,15.221648641901902,15.163620592943415
2018-03-14,18.2,15.22913505557037,15.171078466866348
2018-03-15,18.202739726027396,15.293562407048395,15.235260208056433
2018-03-16,18.205479452054796,15.357200716700705,15.298655915410201
2018-03-17,18.208219178082192,15.240562884897084,15.182462730962035
2018-03-18,18.21095890410959,15.240562884897084,15.182462730962035
2018-03-19,18.213698630136985,15.240562884897084,15.182462730962035
2018-03-20,18.216438356164385,15.26922919170692,15.21101975592638
2018-03-21,18.21917808219178,15.241547290444066,15.183443383753017
2018-03-22,18.221917808219178,15.12313601126775,15.065483512677554
2018-03-23,18.224657534246575,14.946701706874267,14.889721812066629
2018-03-24,18.22739726027397,15.021471955168648,14.964207020827464
2018-03-25,18.23013698630137,15.021471955168648,14.964207020827464
2018-03-26,18.232876712328768,15.021471955168648,14.964207020827464
2018-03-27,18.235616438356164,14.895870153008504,14.839084038517687
2018-03-28,18.23835616438356,14.928379245248369,14.871469199425244
2018-03-29,18.24109589041096,15.015660358644658,14.958417579302289
2018-03-30,18.243835616438357,14.921582294809816,14.86469816035688
2018-03-31,18.246575342465754,14.921582294809816,14.86469816035688
2018-04-01,18.24931506849315,14.921582294809816,14.86469816035688
2018-04-02,18.252054794520546,14.921582294809816,14.86469816035688
2018-04-03,18.254794520547946,14.914389875090832,14.85753315961815
2018-04-04,18.257534246575343,14.953695917769245,14.896689359594072
2018-04-05,18.26027397260274,15.033687877953492,14.97637637400726
2018-04-06,18.263013698630136,14.93468399291343,14.877749912098118
2018-04-07,18.265753424657536,14.929560911251778,14.872646360675304
2018-04-08,18.268493150684932,14.929560911251778,14.872646360675304
2018-04-09,18.27123287671233,14.929560911251778,14.872646360675304
2018-04-10,18.273972602739725,14.930742577255188,14.873823521925365
2018-04-11,18.276712328767122,14.8952793200068,14.838495457892657
2018-04-12,18.279452054794522,14.958523108746256,14.901498148328267
2018-04-13,18.28219178082192,14.91054898639596,14.85370691317935
2018-04-14,18.284931506849315,14.88680660405619,14.830055041674328
2018-04-15,18.28767123287671,14.88680660405619,14.830055041674328
2018-04-16,18.29041095890411,14.88680660405619,14.830055041674328
2018-04-17,18.293150684931508,14.947687060788827,14.890703409609817
2018-04-18,18.295890410958904,15.10501081009828,15.047427408495249
2018-04-19,18.2986301369863,15.070925530942151,15.013472069419473
2018-04-20,18.301369863013697,15.116929893830903,15.05930105423422
2018-04-21,18.304109589041097,15.175741960873784,15.117888917606
2018-04-22,18.306849315068494,15.175741960873784,15.117888917606
2018-04-23,18.30958904109589,15.175741960873784,15.117888917606
2018-04-24,18.312328767123287,15.099986358664843,15.042422111301976
2018-04-25,18.315068493150687,15.161556278627398,15.103757314092034
2018-04-26,18.317808219178083,15.371091456630028,15.312493700987755
2018-04-27,18.32054794520548,15.438275712660147,15.37942183684391
2018-04-28,18.323287671232876,15.380547629760041,15.32191382524486
2018-04-29,18.326027397260273,15.380547629760041,15.32191382524486
2018-04-30,18.328767123287673,15.380547629760041,15.32191382524486
2018-05-01,18.33150684931507,15.391679568402111,15.333003326651928
2018-05-02,18.334246575342465,15.33316434041145,15.274711170720973
2018-05-03,18.336986301369862,15.252679229086135,15.194532885160086
2018-05-04,18.339726027397262,15.313559685818772,15.255181253095575
2018-05-05,18.34246575342466,15.350698708579216,15.292178694278247
2018-05-06,18.345205479452055,15.350698708579216,15.292178694278247
2018-05-07,18.34794520547945,15.350698708579216,15.292178694278247
2018-05-08,18.350684931506848,15.380547629760041,15.32191382524486
2018-05-09,18.353424657534248,15.337202489562749,15.278733925618852
2018-05-10,18.356164383561644,15.345576575285145,15.287076087607641
2018-05-11,18.35890410958904,15.33434600641486,15.275888331971034
2018-05-12,18.361643835616437,15.388330882480732,15.32966740660862
2018-05-13,18.364383561643837,15.388330882480732,15.32966740660862
2018-05-14,18.367123287671234,15.388330882480732,15.32966740660862
2018-05-15,18.36986301369863,15.420050932894883,15.36126653367986
2018-05-16,18.372602739726027,15.424680863415466,15.365878813954975
2018-05-17,18.375342465753423,15.444482778464572,15.385605240039453
2018-05-18,18.378082191780823,15.479158890622406,15.420149159740259
2018-05-19,18.38082191780822,15.433941672824208,15.375104319257414
2018-05-20,18.383561643835616,15.433941672824208,15.375104319257414
2018-05-21,18.386301369863013,15.433941672824208,15.375104319257414
2018-05-22,18.389041095890413,15.433941672824208,15.375104319257414
2018-05-23,18.39178082191781,15.479453832939468,15.42044297767667
2018-05-24,18.394520547945206,15.509302754120293,15.45017810864328
2018-05-25,18.397260273972602,15.572547491227327,15.513181743831097
2018-05-26,18.4,15.53127074071979,15.4720623487688
2018-05-27,18.4027397260274,15.53127074071979,15.4720623487688
2018-05-28,18.405479452054795,15.53127074071979,15.4720623487688
2018-05-29,18.40821917808219,15.515903392469996,15.456753584004773
2018-05-30,18.410958904109588,15.537871379069493,15.478637824130292
2018-05-31,18.413698630136988,15.553633248232146,15.494339605812476
2018-06-01,18.416438356164385,15.570479101537572,15.51112123926739
2018-06-02,18.41917808219178,15.59293929091056,15.533495805788398
2018-06-03,18.421917808219177,15.59293929091056,15.533495805788398
2018-06-04,18.424657534246574,15.59293929091056,15.533495805788398
2018-06-05,18.427397260273974,15.667512278748513,15.607784506090155
2018-06-06,18.43013698630137,15.659632292534766,15.59993456000127
2018-06-07,18.432876712328767,15.62800992398125,15.568432742407362
2018-06-08,18.435616438356163,15.605647416468896,15.546155485363686
2018-06-09,18.438356164383563,15.683372778139379,15.623584542001879
2018-06-10,18.44109589041096,15.683372778139379,15.623584542001879
2018-06-11,18.443835616438356,15.683372778139379,15.623584542001879
2018-06-12,18.446575342465753,15.745730791560067,15.685704833876047
2018-06-13,18.44931506849315,15.6996277984431,15.639777594831761
2018-06-14,18.45205479452055,15.825033288514394,15.764705013434668
2018-06-15,18.454794520547946,15.929849718446027,15.869121861621194
2018-06-16,18.457534246575342,15.979599184904172,15.918681672901823
2018-06-17,18.46027397260274,15.979599184904172,15.918681672901823
2018-06-18,18.463013698630135,15.979599184904172,15.918681672901823
2018-06-19,18.465753424657535,15.992208680234294,15.931243098247569
2018-06-20,18.46849315068493,16.08224669818268,16.020937872790686
2018-06-21,18.471232876712328,16.005013539285684,15.943999142547982
2018-06-22,18.473972602739725,16.079096221085305,16.017799405958662
2018-06-23,18.476712328767125,15.985114890743521,15.92417635173838
2018-06-24,18.47945205479452,15.985114890743521,15.92417635173838
2018-06-25,18.482191780821918,15.985114890743521,15.92417635173838
2018-06-26,18.484931506849314,16.036341913889718,15.975208086957686
2018-06-27,18.487671232876714,16.039198397037605,15.978053680605504
2018-06-28,18.49041095890411,15.947483665209585,15.886688584160217
2018-06-29,18.493150684931507,15.895765387657477,15.835167467297625
2018-06-30,18.495890410958904,15.90502430033106,15.84439108309565
2018-07-01,18.4986301369863,15.90502430033106,15.84439108309565
2018-07-02,18.5013698630137,15.90502430033106,15.84439108309565
2018-07-03,18.504109589041096,15.90502430033106,15.84439108309565
2018-07-04,18.506849315068493,15.918619149575743,15.857934105984587
2018-07-05,18.50958904109589,15.88128381472645,15.820741101095042
2018-07-06,18.512328767123286,15.964429097110804,15.903569416596875
2018-07-07,18.515068493150686,16.035355611607578,15.974225544662291
2018-07-08,18.517808219178082,16.035355611607578,15.974225544662291
2018-07-09,18.52054794520548,16.035355611607578,15.974225544662291
2018-07-10,18.523287671232875,16.110521329182394,16.049104715093492
2018-07-11,18.526027397260275,16.139581208537507,16.078053812223786
2018-07-12,18.528767123287672,16.282521066776567,16.220448754383966
2018-07-13,18.53150684931507,16.28843319026393,16.226338339643096
2018-07-14,18.534246575342465,16.242820503185296,16.18089953748989
2018-07-15,18.536986301369865,16.242820503185296,16.18089953748989
2018-07-16,18.53972602739726,16.242820503185296,16.18089953748989
2018-07-17,18.542465753424658,16.27001209840982,16.207987472772174
2018-07-18,18.545205479452054,16.21198717645749,16.150183753732296
2018-07-19,18.54794520547945,16.308529099262522,16.24635763891178
2018-07-20,18.55068493150685,16.194747750606787,16.133010048111434
2018-07-21,18.553424657534247,16.178887251215922,16.11721001219971
2018-07-22,18.556164383561644,16.178887251215922,16.11721001219971
2018-07-23,18.55890410958904,16.178887251215922,16.11721001219971
2018-07-24,18.561643835616437,16.08865007607595,16.0273168396931
2018-07-25,18.564383561643837,15.991713632358065,15.930749937595458
2018-07-26,18.567123287671233,16.049837184538607,15.988651910864876
2018-07-27,18.56986301369863,15.995161896875238,15.934185056620514
2018-07-28,18.572602739726026,15.920885748089505,15.86019206375958
2018-07-29,18.575342465753426,15.920885748089505,15.86019206375958
2018-07-30,18.578082191780823,15.920885748089505,15.86019206375958
2018-07-31,18.58082191780822,15.931031384449437,15.870299022871254
2018-08-01,18.583561643835615,15.884534818787193,15.823979711661018
2018-08-02,18.586301369863016,15.92049122717665,15.859799046841424
2018-08-03,18.589041095890412,15.926993235298138,15.866276267973376
2018-08-04,18.59178082191781,15.952407589679652,15.891593737619536
2018-08-05,18.594520547945205,15.952407589679652,15.891593737619536
2018-08-06,18.5972602739726,15.952407589679652,15.891593737619536
2018-08-07,18.6,15.952407589679652,15.891593737619536
2018-08-08,18.602739726027398,15.978514252393818,15.917600876376888
2018-08-09,18.605479452054794,16.0658949443859,16.004648455235678
2018-08-10,18.60821917808219,16.020580044727065,15.959506305275502
2018-08-11,18.610958904109587,16.014174770098634,15.953125448868674
2018-08-12,18.613698630136987,16.014174770098634,15.953125448868674
2018-08-13,18.616438356164384,16.014174770098634,15.953125448868674
2018-08-14,18.61917808219178,16.086777998475046,16.025451898836263
2018-08-15,18.621917808219177,16.070130353993626,16.008867718592636
2018-08-16,18.624657534246577,16.156526640438727,16.094934644660444
2018-08-17,18.627397260273973,16.15219070386763,16.090615237569533
2018-08-18,18.63013698630137,16.131305753043325,16.069809904464538
2018-08-19,18.632876712328766,16.131305753043325,16.069809904464538
2018-08-20,18.635616438356166,16.131305753043325,16.069809904464538
2018-08-21,18.638356164383563,16.132487419046736,16.070987065714597
2018-08-22,18.64109589041096,16.111801625414017,16.050380130573092
2018-08-23,18.643835616438356,16.119680663260187,16.05822913190977
2018-08-24,18.646575342465752,16.12027244462947,16.058818657287006
2018-08-25,18.649315068493152,16.069834463308982,16.008572955904018
2018-08-26,18.65205479452055,16.069834463308982,16.008572955904018
2018-08-27,18.654794520547945,16.069834463308982,16.008572955904018
2018-08-28,18.65753424657534,16.02422367296551,15.963136043255222
2018-08-29,18.660273972602738,16.026588901707484,15.965492255259756
2018-08-30,18.663013698630138,15.997428495389,15.936443014395508
2018-08-31,18.665753424657535,15.976543544564699,15.91563768129051
2018-09-01,18.66849315068493,15.93497090337252,15.874223523539593
2018-09-02,18.671232876712327,15.93497090337252,15.874223523539593
2018-09-03,18.673972602739727,15.93497090337252,15.874223523539593
2018-09-04,18.676712328767124,15.93497090337252,15.874223523539593
2018-09-05,18.67945205479452,15.955167339334484,15.89434296654223
2018-09-06,18.682191780821917,15.960485784717404,15.899641136919707
2018-09-07,18.684931506849313,15.991518268636796,15.930555318640792
2018-09-08,18.687671232876713,16.000484135728474,15.93948700600682
2018-09-09,18.69041095890411,16.000484135728474,15.93948700600682
2018-09-10,18.693150684931506,16.000484135728474,15.93948700600682
2018-09-11,18.695890410958903,15.976644071528069,15.915737825024465
2018-09-12,18.698630136986303,15.963934049234577,15.903076255944763
2018-09-13,18.7013698630137,15.939898621312901,15.879132456007742
2018-09-14,18.704109589041096,15.917437483572334,15.856756944734526
2018-09-15,18.706849315068492,15.912215771682469,15.851555139082173
2018-09-16,18.70958904109589,15.912215771682469,15.851555139082173
2018-09-17,18.71232876712329,15.912215771682469,15.851555139082173
2018-09-18,18.715068493150685,15.971225099181776,15.910339510913031
2018-09-19,18.71780821917808,15.910443272677353,15.849789397207083
2018-09-20,18.720547945205478,15.921674789915217,15.860978097595897
2018-09-21,18.723287671232878,15.921771523408273,15.861074462321023
2018-09-22,18.726027397260275,15.909064346217518,15.848415727497942
2018-09-23,18.72876712328767,15.909064346217518,15.848415727497942
2018-09-24,18.731506849315068,15.909064346217518,15.848415727497942
2018-09-25,18.734246575342464,15.944822545782968,15.884037609467063
2018-09-26,18.736986301369864,15.95625037510968,15.89542187356275
2018-09-27,18.73972602739726,16.033286273550242,15.972164095346374
2018-09-28,18.742465753424657,15.919408191401455,15.858720139820901
2018-09-29,18.745205479452054,15.802474468913191,15.742232192684119
2018-09-30,18.747945205479454,15.802474468913191,15.742232192684119
2018-10-01,18.75068493150685,15.802474468913191,15.742232192684119
2018-10-02,18.753424657534246,15.78621944860947,15.726039139854237
2018-10-03,18.756164383561643,15.812423793184273,15.75214358808892
2018-10-04,18.75890410958904,15.772328708680146,15.712201354276681
2018-10-05,18.76164383561644,15.786416709065898,15.726235648313315
2018-10-06,18.764383561643836,15.813210938274826,15.752927732420822
2018-10-07,18.767123287671232,15.813210938274826,15.752927732420822
2018-10-08,18.76986301369863,15.813210938274826,15.752927732420822
2018-10-09,18.77260273972603,15.813210938274826,15.752927732420822
2018-10-10,18.775342465753425,15.63145818849842,15.571867861432418
2018-10-11,18.778082191780822,15.545160532281535,15.485899189594146
2018-10-12,18.78082191780822,15.560627459127124,15.50130715333992
2018-10-13,18.783561643835615,15.555800268150115,15.496498364605724
2018-10-14,18.786301369863015,15.555800268150115,15.496498364605724
2018-10-15,18.78904109589041,15.555800268150115,15.496498364605724
2018-10-16,18.791780821917808,15.638648711482249,15.579030972666732
2018-10-17,18.794520547945204,15.659140089761276,15.59944423360578
2018-10-18,18.797260273972604,15.629683792758149,15.570100230052912
2018-10-19,18.8,15.69135234294892,15.631533687072512
2018-10-20,18.802739726027397,15.680121774078634,15.620345931435903
2018-10-21,18.805479452054794,15.680121774078634,15.620345931435903
2018-10-22,18.80821917808219,15.680121774078634,15.620345931435903
2018-10-23,18.81095890410959,15.644165365689178,15.584526596255497
2018-10-24,18.813698630136987,15.435419229512258,15.376576243196093
2018-10-25,18.816438356164383,15.451575619587766,15.392671041796435
2018-10-26,18.81917808219178,15.404682636277508,15.345956824163625
2018-10-27,18.82191780821918,15.347546334746687,15.289038337941811
2018-10-28,18.824657534246576,15.347546334746687,15.289038337941811
2018-10-29,18.827397260273973,15.347546334746687,15.289038337941811
2018-10-30,18.83013698630137,15.45285591581939,15.393946457276035
2018-10-31,18.832876712328765,15.587521266931846,15.528098436429174
2018-11-01,18.835616438356166,15.647416369749921,15.587765206821473
2018-11-02,18.838356164383562,15.616286203969896,15.556753715623056
2018-11-03,18.84109589041096,15.712335924001435,15.652437274407049
2018-11-04,18.843835616438355,15.712335924001435,15.652437274407049
2018-11-05,18.846575342465755,15.712335924001435,15.652437274407049
2018-11-06,18.84931506849315,15.648697614349125,15.58904156705328
2018-11-07,18.852054794520548,15.756961360430351,15.696892589512656
2018-11-08,18.854794520547944,15.741100861039484,15.681092553600932
2018-11-09,18.85753424657534,15.808680586350038,15.748414651127453
2018-11-10,18.86027397260274,15.736175039834261,15.676185510637197
2018-11-11,18.863013698630137,15.736175039834261,15.676185510637197
2018-11-12,18.865753424657534,15.736175039834261,15.676185510637197
2018-11-13,18.86849315068493,15.714798834604046,15.654890795888916
2018-11-14,18.87123287671233,15.686033897565997,15.626235516695033
2018-11-15,18.873972602739727,15.62800992398125,15.568432742407362
2018-11-16,18.876712328767123,15.64712142743286,15.587471388885062
2018-11-17,18.87945205479452,15.593136551366989,15.533692314247476
2018-11-18,18.882191780821916,15.593136551366989,15.533692314247476
2018-11-19,18.884931506849316,15.593136551366989,15.533692314247476
2018-11-20,18.887671232876713,15.56269679718446,15.503368602655836
2018-11-21,18.89041095890411,15.707705045113276,15.647824049379725
2018-11-22,18.893150684931506,15.667512278748513,15.607784506090155
2018-11-23,18.895890410958906,15.70376552619019,15.643899548711387
2018-11-24,18.898630136986302,15.748785483531961,15.688747880735152
2018-11-25,18.9013698630137,15.748785483531961,15.688747880735152
2018-11-26,18.904109589041095,15.748785483531961,15.688747880735152
2018-11-27,18.90684931506849,15.707311472567998,15.647431977213774
2018-11-28,18.90958904109589,15.840302006535977,15.779915523969155
2018-11-29,18.912328767123288,15.853995486008872,15.793556801087629
2018-11-30,18.915068493150685,15.845228776108778,15.784823511685095
2018-12-01,18.91780821917808,15.825033288514394,15.764705013434668
2018-12-02,18.92054794520548,15.825033288514394,15.764705013434668
2018-12-03,18.923287671232877,15.825033288514394,15.764705013434668
2018-12-04,18.926027397260274,15.73982056480786,15.679817138121331
2018-12-05,18.92876712328767,15.850253227542215,15.78982880887837
2018-12-06,18.931506849315067,15.745730791560067,15.685704833876047
2018-12-07,18.934246575342467,15.590081859395093,15.530649267388373
2018-12-08,18.936986301369863,15.574813141373511,15.515438756853886
2018-12-09,18.93972602739726,15.574813141373511,15.515438756853886
2018-12-10,18.942465753424656,15.574813141373511,15.515438756853886
2018-12-11,18.945205479452056,15.535408468466882,15.476184302648425
2018-12-12,18.947945205479453,15.598161002800426,15.538697611440751
2018-12-13,18.95068493150685,15.613626981278435,15.554104630434317
2018-12-14,18.953424657534246,15.464774999552013,15.405820103015007
2018-12-15,18.956164383561642,15.310604572442669,15.252237405218217
2018-12-16,18.958904109589042,15.310604572442669,15.252237405218217
2018-12-17,18.96164383561644,15.310604572442669,15.252237405218217
2018-12-18,18.964383561643835,15.38902034571065,15.330354241463189
2018-12-19,18.96712328767123,15.330109648439556,15.271668123861868
2018-12-20,18.96986301369863,15.207659271744363,15.14968455313632
2018-12-21,18.972602739726028,15.12697879669778,15.069311648620769
2018-12-22,18.975342465753425,15.05201128794697,14.994629931400853
2018-12-23,18.97808219178082,15.05201128794697,14.994629931400853
2018-12-24,18.980821917808218,15.05201128794697,14.994629931400853
2018-12-25,18.983561643835618,15.3619292774495,15.303366449914856
2018-12-26,18.986301369863014,15.3619292774495,15.303366449914856
2018-12-27,18.98904109589041,15.3619292774495,15.303366449914856
2018-12-28,18.991780821917807,15.462706609862257,15.403759598451296
2018-12-29,18.994520547945207,15.571463507084552,15.51210189205837
2018-12-30,18.997260273972604,15.571463507084552,15.51210189205837
2018-12-31,19.0,15.571463507084552,15.51210189205837
2019-01-01,19.002739726027396,15.519745229532445,15.46058077519578
2019-01-02,19.005479452054793,15.519745229532445,15.46058077519578
2019-01-03,19.008219178082193,15.425075384328322,15.366271830873133
2019-01-04,19.01095890410959,15.564666556646001,15.505330852990005
2019-01-05,19.013698630136986,15.653524805326134,15.593850355787476
2019-01-06,19.016438356164382,15.653524805326134,15.593850355787476
2019-01-07,19.019178082191782,15.653524805326134,15.593850355787476
2019-01-08,19.02191780821918,15.692436327091693,15.63261353884524
2019-01-09,19.024657534246575,15.757257251114993,15.697187352201274
2019-01-10,19.027397260273972,15.80582315483457,15.745568112727428
2019-01-11,19.03013698630137,15.880002570127246,15.819464740863234
2019-01-12,19.03287671232877,15.87862364366741,15.818091071154095
2019-01-13,19.035616438356165,15.87862364366741,15.818091071154095
2019-01-14,19.03835616438356,15.87862364366741,15.818091071154095
2019-01-15,19.041095890410958,15.950831402763386,15.890023559451317
2019-01-16,19.043835616438358,15.969550282037298,15.908671078515274
2019-01-17,19.046575342465754,16.030429790402355,15.969318501698556
2019-01-18,19.04931506849315,16.068652797305575,16.007395794653956
2019-01-19,19.052054794520547,16.062545310096944,16.001311590440164
2019-01-20,19.054794520547944,16.062545310096944,16.001311590440164
2019-01-21,19.057534246575344,16.062545310096944,16.001311590440164
2019-01-22,19.06027397260274,16.054171224374546,15.992969428451373
2019-01-23,19.063013698630137,16.150123262545453,16.088555677758034
2019-01-24,19.065753424657533,16.179479032585206,16.117799537576946
2019-01-25,19.068493150684933,16.118498997256776,16.05705197065971
2019-01-26,19.07123287671233,16.104707835923247,16.043313384063904
2019-01-27,19.073972602739726,16.104707835923247,16.043313384063904
2019-01-28,19.076712328767123,16.104707835923247,16.043313384063904
2019-01-29,19.07945205479452,16.17159620126872,16.10994675723144
2019-01-30,19.08219178082192,16.106086762383082,16.044687053773043
2019-01-31,19.084931506849315,16.166080495429373,16.104452078394882
2019-02-01,19.087671232876712,16.12756349457667,16.066081912255278
2019-02-02,19.09041095890411,16.182927297102378,16.121234656602002
2019-02-03,19.09315068493151,16.182927297102378,16.121234656602002
2019-02-04,19.095890410958905,16.182927297102378,16.121234656602002
2019-02-05,19.0986301369863,16.33010256494916,16.26784886211914
2019-02-06,19.101369863013698,16.355814706750476,16.29346298395833
2019-02-07,19.104109589041094,16.484077628337236,16.421236940961265
2019-02-08,19.106849315068494,16.420339740089133,16.357742034625748
2019-02-09,19.10958904109589,16.457181923797357,16.394443768367598
2019-02-10,19.112328767123287,16.457181923797357,16.394443768367598
2019-02-11,19.115068493150684,16.457181923797357,16.394443768367598
2019-02-12,19.117808219178084,16.475309021701985,16.412501762054315
2019-02-13,19.12054794520548,16.463388041234204,16.40062622681093
2019-02-14,19.123287671232877,16.616082808390654,16.552738890173455
2019-02-15,19.126027397260273,16.6152956633001,16.551954745841552
2019-02-16,19.12876712328767,16.645440475165568,16.58198463949678
2019-02-17,19.13150684931507,16.645440475165568,16.58198463949678
2019-02-18,19.134246575342466,16.645440475165568,16.58198463949678
2019-02-19,19.136986301369863,16.645440475165568,16.58198463949678
2019-02-20,19.13972602739726,16.679228915269473,16.615644271131732
2019-02-21,19.14246575342466,16.65883711558624,16.59533020917443
2019-02-22,19.145205479452056,16.62484951829075,16.56147217957599
2019-02-23,19.147945205479452,16.643862391514144,16.58041257182415
2019-02-24,19.15068493150685,16.643862391514144,16.58041257182415
2019-02-25,19.153424657534245,16.643862391514144,16.58041257182415
2019-02-26,19.156164383561645,16.63076164177811,16.56736176483512
2019-02-27,19.15890410958904,16.676273801893373,16.612700423254374
2019-02-28,19.161643835616438,16.68484325133704,16.62123720419783
2019-03-01,19.164383561643834,16.89467526839189,16.830269298534375
2019-03-02,19.167123287671235,16.920977294827328,16.85647105624639
2019-03-03,19.16986301369863,16.920977294827328,16.85647105624639
2019-03-04,19.172602739726027,16.920977294827328,16.85647105624639
2019-03-05,19.175342465753424,16.94668753989348,16.88208328858117
2019-03-06,19.17808219178082,17.002741754016686,16.937923812534674
2019-03-07,19.18082191780822,16.958411259904835,16.893762315365475
2019-03-08,19.183561643835617,16.882754287924108,16.81839376329099
2019-03-09,19.186301369863013,16.929448114042778,16.86490958296031
2019-03-10,19.18904109589041,16.929448114042778,16.86490958296031
2019-03-11,19.19178082191781,16.929448114042778,16.86490958296031
2019-03-12,19.194520547945206,16.94501461948416,16.88041674568783
2019-03-13,19.197260273972603,16.891126476911346,16.826734035775367
2019-03-14,19.2,16.907874648356135,16.843418359752945
2019-03-15,19.202739726027396,16.93358679015745,16.86903248159214
2019-03-16,19.205479452054796,16.986979884854037,16.922222030852488
2019-03-17,19.208219178082192,16.986979884854037,16.922222030852488
2019-03-18,19.21095890410959,16.986979884854037,16.922222030852488
2019-03-19,19.213698630136985,16.933290899472805,16.86873771890352
2019-03-20,19.216438356164385,16.879012029457453,16.81466577108173
2019-03-21,19.21917808219178,17.003923420020097,16.939100973784733
2019-03-22,19.221917808219178,17.05052051264571,16.985520428728922
2019-03-23,19.224657534246575,17.023823965297417,16.95892565409875
2019-03-24,19.22739726027397,17.023823965297417,16.95892565409875
2019-03-25,19.23013698630137,17.023823965297417,16.95892565409875
2019-03-26,19.232876712328768,17.08362043788728,17.018494170261512
2019-03-27,19.235616438356164,17.154645582612268,17.089248552556466
2019-03-28,19.23835616438356,17.270200378640695,17.20436282998411
2019-03-29,19.24109589041096,17.24931542781639,17.18355749687911
2019-03-30,19.243835616438357,17.273648643157866,17.207797949009166
2019-03-31,19.246575342465754,17.273648643157866,17.207797949009166
2019-04-01,19.24931506849315,17.273648643157866,17.207797949009166
2019-04-02,19.252054794520546,17.342509613067623,17.276396406767493
2019-04-03,19.254794520547946,17.347334907309474,17.281203305997273
2019-04-04,19.257534246575343,17.353146503833464,17.28699274752245
2019-04-05,19.26027397260274,17.482395727702364,17.415749246820777
2019-04-06,19.263013698630136,17.397774785365115,17.33145089688468
2019-04-07,19.265753424657536,17.397774785365115,17.33145089688468
2019-04-08,19.268493150684932,17.397774785365115,17.33145089688468
2019-04-09,19.27123287671233,17.375806798765616,17.30956665675916
2019-04-10,19.273972602739725,17.4735284908389,17.40691581368429
2019-04-11,19.276712328767122,17.48328339975629,17.416633534886632
2019-04-12,19.279452054794522,17.507022936993323,17.440282572135036
2019-04-13,19.28219178082192,17.545936355494042,17.479047644697214
2019-04-14,19.284931506849315,17.545936355494042,17.479047644697214
2019-04-15,19.28767123287671,17.545936355494042,17.479047644697214
2019-04-16,19.29041095890411,17.473135866661202,17.406524686270547
2019-04-17,19.293150684931508,17.411861837383288,17.345484246169104
2019-04-18,19.295890410958904,17.501901752066832,17.435180910216637
2019-04-19,19.2986301369863,17.423386400203057,17.356964874989917
2019-04-20,19.301369863013697,17.423386400203057,17.356964874989917
2019-04-21,19.304109589041097,17.423386400203057,17.356964874989917
2019-04-22,19.306849315068494,17.423386400203057,17.356964874989917
2019-04-23,19.30958904109589,17.51835403282698,17.451570471505597
2019-04-24,19.312328767123287,17.55027039532998,17.48336516228371
2019-04-25,19.315068493150687,17.517269100316625,17.450489674980663
2019-04-26,19.317808219178083,17.538743935775056,17.471882643958484
2019-04-27,19.32054794520548,17.515298392487505,17.448526479894287
2019-04-28,19.323287671232876,17.515298392487505,17.448526479894287
2019-04-29,19.326027397260273,17.515298392487505,17.448526479894287
2019-04-30,19.328767123287673,17.537069118630576,17.470214211560727
2019-05-01,19.33150684931507,17.54957998373248,17.482677382676933
2019-05-02,19.334246575342465,17.525939076723663,17.45912659965807
2019-05-03,19.336986301369862,17.55608388858913,17.4891564933133
2019-05-04,19.339726027397262,17.59233618766323,17.525270591182323
2019-05-05,19.34246575342466,17.59233618766323,17.525270591182323
2019-05-06,19.345205479452055,17.59233618766323,17.525270591182323
2019-05-07,19.34794520547945,17.492738624518722,17.42605271439153
2019-05-08,19.350684931506848,17.56140233397205,17.494454663690778
2019-05-09,19.353424657534248,17.59105399469645,17.523993286198312
2019-05-10,19.356164383561644,17.59164577606573,17.52458281157555
2019-05-11,19.35890410958904,17.526822955307274,17.460007108715097
2019-05-12,19.361643835616437,17.526822955307274,17.460007108715097
2019-05-13,19.364383561643837,17.526822955307274,17.460007108715097
2019-05-14,19.367123287671234,17.598441778136703,17.531352905891705
2019-05-15,19.36986301369863,17.62021440101493,17.55304252706256
2019-05-16,19.372602739726027,17.69271710242797,17.625268833296193
2019-05-17,19.375342465753423,17.69370340471011,17.62625137559159
2019-05-18,19.378082191780823,17.667006857361816,17.599656600961413
2019-05-19,19.38082191780822,17.667006857361816,17.599656600961413
2019-05-20,19.383561643835616,17.667006857361816,17.599656600961413
2019-05-21,19.386301369863013,17.667006857361816,17.599656600961413
2019-05-22,19.389041095890413,17.673015714342235,17.60564255094567
2019-05-23,19.39178082191781,17.616075724900263,17.548919628430728
2019-05-24,19.394520547945206,17.543178502574367,17.476300305278933
2019-05-25,19.397260273972602,17.617947802501167,17.550784569287565
2019-05-26,19.4,17.617947802501167,17.550784569287565
2019-05-27,19.4027397260274,17.617947802501167,17.550784569287565
2019-05-28,19.405479452054795,17.62385992598853,17.556674154546695
2019-05-29,19.40821917808219,17.493723030065706,17.42703336718251
2019-05-30,19.410958904109588,17.495892895086413,17.42919496023238
2019-05-31,19.413698630136988,17.47914472364162,17.4125106362548
2019-06-01,19.416438356164385,17.403389121432678,17.337043829950776
2019-06-02,19.41917808219178,17.403389121432678,17.337043829950776
2019-06-03,19.421917808219177,17.403389121432678,17.337043829950776
2019-06-04,19.424657534246574,17.474810683805682,17.408193118668304
2019-06-05,19.427397260273974,17.56741119095247,17.500440613675035
2019-06-06,19.43013698630137,17.599723971103483,17.53263021087572
2019-06-07,19.432876712328767,17.580119316510803,17.51310029325032
2019-06-08,19.435616438356163,17.574307719986813,17.507310851725144
2019-06-09,19.438356164383563,17.574307719986813,17.507310851725144
2019-06-10,19.44109589041096,17.574307719986813,17.507310851725144
2019-06-11,19.443835616438356,17.59696611818381,17.529882871457442
2019-06-12,19.446575342465753,17.649078916648772,17.58179700523819
2019-06-13,19.44931506849315,17.717543468910517,17.650000556573943
2019-06-14,19.45205479452055,17.758524328733408,17.690825188947624
2019-06-15,19.454794520547946,17.84757983786997,17.77954120020417
2019-06-16,19.457534246575342,17.84757983786997,17.77954120020417
2019-06-17,19.46027397260274,17.84757983786997,17.77954120020417
2019-06-18,19.463013698630135,17.861763623381197,17.793670914213724
2019-06-19,19.465753424657535,17.79792900164004,17.730079643153086
2019-06-20,19.46849315068493,17.725130409542356,17.657558574230833
2019-06-21,19.471232876712328,17.646123803272673,17.578853157360832
2019-06-22,19.473972602739725,17.586917215316934,17.519872277070892
2019-06-23,19.476712328767125,17.586917215316934,17.519872277070892
2019-06-24,19.47945205479452,17.586917215316934,17.519872277070892
2019-06-25,19.482191780821918,17.477077282319442,17.410451076443298
2019-06-26,19.484931506849314,17.413337497336183,17.34695428060337
2019-06-27,19.487671232876714,17.475104677755166,17.40848599185251
2019-06-28,19.49041095890411,17.55677240345147,17.489842383415663
2019-06-29,19.493150684931507,17.629474262056096,17.562267087612792
2019-06-30,19.495890410958904,17.629474262056096,17.562267087612792
2019-07-01,19.4986301369863,17.629474262056096,17.562267087612792
2019-07-02,19.5013698630137,17.629474262056096,17.562267087612792
2019-07-03,19.504109589041096,17.726509336002195,17.658932243939972
2019-07-04,19.506849315068493,17.71232175702065,17.64479875092159
2019-07-05,19.50958904109589,17.72995570378421,17.662365473460614
2019-07-06,19.512328767123286,17.658042887005294,17.590726803099802
2019-07-07,19.515068493150686,17.658042887005294,17.590726803099802
2019-07-08,19.517808219178082,17.658042887005294,17.590726803099802
2019-07-09,19.52054794520548,17.698629225915333,17.631158418555323
2019-07-10,19.523287671232875,17.7434509744331,17.675809297367802
2019-07-11,19.526027397260275,17.737148123503193,17.66953047419934
2019-07-12,19.528767123287672,17.755470585129093,17.687783086840728
2019-07-13,19.53150684931507,17.76482907639847,17.697105901620496
2019-07-14,19.534246575342465,17.76482907639847,17.697105901620496
2019-07-15,19.536986301369865,17.76482907639847,17.697105901620496
2019-07-16,19.53972602739726,17.72591755463291,17.658342718562736
2019-07-17,19.542465753424658,17.680799915430505,17.613397077061638
2019-07-18,19.545205479452054,17.696263997173357,17.628802206550787
2019-07-19,19.54794520547945,17.68325998093038,17.615847764286883
2019-07-20,19.55068493150685,17.70631290004023,17.638812800937337
2019-07-21,19.553424657534247,17.70631290004023,17.638812800937337
2019-07-22,19.556164383561644,17.70631290004023,17.638812800937337
2019-07-23,19.55890410958904,17.701288448606793,17.633807503744062
2019-07-24,19.561643835616437,17.770739303150673,17.70299359737521
2019-07-25,19.564383561643837,17.767784189774574,17.700049749497854
2019-07-26,19.567123287671233,17.87102538115752,17.80289736426837
2019-07-27,19.56986301369863,17.83447719139878,17.76648850371073
2019-07-28,19.572602739726026,17.83447719139878,17.76648850371073
2019-07-29,19.575342465753426,17.83447719139878,17.76648850371073
2019-07-30,19.578082191780823,17.784236470534722,17.716439310786818
2019-07-31,19.58082191780822,17.763252889482203,17.69553572345228
2019-08-01,19.583561643835615,17.738527049963032,17.67090414390848
2019-08-02,19.586301369863016,17.70247201134536,17.634986554498536
2019-08-03,19.589041095890412,17.54810242704443,17.481205458738255
2019-08-04,19.59178082191781,17.54810242704443,17.481205458738255
2019-08-05,19.594520547945205,17.54810242704443,17.481205458738255
2019-08-06,19.5972602739726,17.54810242704443,17.481205458738255
2019-08-07,19.6,17.69192995733742,17.62448468896429
2019-08-08,19.602739726027398,17.85220976839055,17.78415348047929
2019-08-09,19.605479452054794,17.77113382406353,17.703386614293372
2019-08-10,19.60821917808219,17.69025514019294,17.622816256566534
2019-08-11,19.610958904109587,17.69025514019294,17.622816256566534
2019-08-12,19.613698630136987,17.69025514019294,17.622816256566534
2019-08-13,19.616438356164384,17.73527604590229,17.667665533342504
2019-08-14,19.61917808219178,17.61578173095078,17.548626755246524
2019-08-15,19.621917808219177,17.578347765873268,17.511335496127437
2019-08-16,19.624657534246577,17.623562138568733,17.556377502353662
2019-08-17,19.627397260273973,17.832212489620172,17.764232435440146
2019-08-18,19.63013698630137,17.832212489620172,17.764232435440146
2019-08-19,19.632876712328766,17.832212489620172,17.764232435440146
2019-08-20,19.635616438356166,17.75537195490088,17.687684832611186
2019-08-21,19.638356164383563,17.882944464890144,17.81477101000734
2019-08-22,19.64109589041096,17.863440337260837,17.795341236115895
2019-08-23,19.643835616438356,17.65883003209585,17.591510947431704
2019-08-24,19.646575342465752,17.674789161714926,17.607409237572966
2019-08-25,19.649315068493152,17.674789161714926,17.607409237572966
2019-08-26,19.65205479452055,17.674789161714926,17.607409237572966
2019-08-27,19.654794520547945,17.842358125980105,17.77433939455182
2019-08-28,19.65753424657534,17.974757826946377,17.90623436068217
2019-08-29,19.660273972602738,18.101148670932233,18.032143376828262
2019-08-30,19.663013698630138,18.106074492137456,18.037050419792
2019-08-31,19.665753424657535,17.976925795231928,17.908394064227625
2019-09-01,19.66849315068493,17.976925795231928,17.908394064227625
2019-09-02,19.671232876712327,17.976925795231928,17.908394064227625
2019-09-03,19.673972602739727,17.976925795231928,17.908394064227625
2019-09-04,19.676712328767124,18.015245535628203,17.946567721908153
2019-09-05,19.67945205479452,18.14370571767139,18.074538187370162
2019-09-06,19.682191780821917,18.140947864751716,18.071790847951885
2019-09-07,19.684931506849313,18.150896240655218,18.08170129860448
2019-09-08,19.687671232876713,18.150896240655218,18.08170129860448
2019-09-09,19.69041095890411,18.150896240655218,18.08170129860448
2019-09-10,19.693150684931506,18.169516489700918,18.100250563438895
2019-09-11,19.695890410958903,18.313736644171602,18.243920921078676
2019-09-12,19.698630136986303,18.32605024881708,18.256187583735805
2019-09-13,19.7013698630137,18.4005255547944,18.33037897456023
2019-09-14,19.704109589041096,18.33885700460363,18.26894551754063
2019-09-15,19.706849315068492,18.33885700460363,18.26894551754063
2019-09-16,19.70958904109589,18.33885700460363,18.26894551754063
2019-09-17,19.71232876712329,18.427222102142693,18.356973749190402
2019-09-18,19.715068493150685,18.443575752674626,18.373265056249824
2019-09-19,19.71780821917808,18.487314465417196,18.416837028041783
2019-09-20,19.720547945205478,18.504356630811472,18.433814225203566
2019-09-21,19.723287671232878,18.452638353259363,18.382293108340978
2019-09-22,19.726027397260275,18.452638353259363,18.382293108340978
2019-09-23,19.72876712328767,18.452638353259363,18.382293108340978
2019-09-24,19.731506849315068,18.38338475917191,18.313303523168905
2019-09-25,19.734246575342464,18.361710766521895,18.29171215622759
2019-09-26,19.736986301369864,18.2815224942488,18.21182957810753
2019-09-27,19.73972602739726,18.135824783090065,18.066687296529068
2019-09-28,19.742465753424657,18.18084379206426,18.111534683800627
2019-09-29,19.745205479452054,18.18084379206426,18.111534683800627
2019-09-30,19.747945205479454,18.18084379206426,18.111534683800627
2019-10-01,19.75068493150685,18.045291717265453,17.97649936133384
2019-10-02,19.753424657534246,18.030022999243872,17.961288850799356
2019-10-03,19.756164383561643,18.14301720280905,18.0738522972678
2019-10-04,19.75890410958904,18.142622681896196,18.073459280349642
2019-10-05,19.76164383561644,18.163604366213555,18.094360978179765
2019-10-06,19.764383561643836,18.163604366213555,18.094360978179765
2019-10-07,19.767123287671232,18.163604366213555,18.094360978179765
2019-10-08,19.76986301369863,18.063712809119565,17.994850228204765
2019-10-09,19.77260273972603,18.17237107611365,18.1030942675823
2019-10-10,19.775342465753425,18.13139211302591,18.062271524713033
2019-10-11,19.778082191780822,18.036919528278215,17.968159088849465
2019-10-12,19.78082191780822,18.02519580826686,17.95648006206516
2019-10-13,19.783561643835615,18.02519580826686,17.95648006206516
2019-10-14,19.786301369863015,18.02519580826686,17.95648006206516
2019-10-15,19.78904109589041,18.02519580826686,17.95648006206516
2019-10-16,19.791780821917808,18.04548897772188,17.97669586979292
2019-10-17,19.794520547945204,17.9767285347755,17.908197555768545
2019-10-18,19.797260273972604,17.904815717996584,17.836558885407737
2019-10-19,19.8,17.96175570743856,17.893281807922676
2019-10-20,19.802739726027397,17.96175570743856,17.893281807922676
2019-10-21,19.805479452054794,17.96175570743856,17.893281807922676
2019-10-22,19.80821917808219,17.941754635197864,17.873356983874707
2019-10-23,19.81095890410959,17.852701022796463,17.784642862122574
2019-10-24,19.813698630136987,17.826398996361025,17.758441104410558
2019-10-25,19.816438356164383,17.854671730625583,17.78660605720895
2019-10-26,19.81917808219178,17.83112755710982,17.76315163891521
2019-10-27,19.82191780821918,17.83112755710982,17.76315163891521
2019-10-28,19.824657534246576,17.83112755710982,17.76315163891521
2019-10-29,19.827397260273973,17.829748630649984,17.761777969206072
2019-10-30,19.83013698630137,17.9368307107278,17.86845183041539
2019-10-31,19.832876712328765,18.069526302378716,18.000641559234356
2019-11-01,19.835616438356166,18.083710087889944,18.014771273243905
2019-11-02,19.838356164383562,18.053369912303207,17.984546760634014
2019-11-03,19.84109589041096,18.053369912303207,17.984546760634014
2019-11-04,19.843835616438355,18.053369912303207,17.984546760634014
2019-11-05,19.846575342465755,18.018891060601803,17.950199349392285
2019-11-06,19.84931506849315,18.179070344691564,18.10976799717333
2019-11-07,19.852054794520548,18.2276381451463,18.158150647203897
2019-11-08,19.854794520547944,18.226653739599318,18.157169994412918
2019-11-09,19.85753424657534,18.28004493756075,18.21035765416885
2019-11-10,19.86027397260274,18.28004493756075,18.21035765416885
2019-11-11,19.863013698630137,18.28004493756075,18.21035765416885
2019-11-12,19.865753424657534,18.307725890456023,18.237933081590004
2019-11-13,19.86849315068493,18.416090163500623,18.345884247783335
2019-11-14,19.87123287671233,18.41461260681257,18.344412323844654
2019-11-15,19.873972602739727,18.449880500339688,18.3795457689227
2019-11-16,19.876712328767123,18.476182526775126,18.405747526634713
2019-11-17,19.87945205479452,18.476182526775126,18.405747526634713
2019-11-18,19.882191780821916,18.476182526775126,18.405747526634713
2019-11-19,19.884931506849316,18.521596056662172,18.450987930824432
2019-11-20,19.887671232876713,18.555287763273025,18.484551197734255
2019-11-21,19.89041095890411,18.527703543870807,18.457072135038224
2019-11-22,19.893150684931506,18.531055074894923,18.460410889338156
2019-11-23,19.895890410958906,18.641190898577054,18.57012685265437
2019-11-24,19.898630136986302,18.641190898577054,18.57012685265437
2019-11-25,19.9013698630137,18.641190898577054,18.57012685265437
2019-11-26,19.904109589041095,18.845943956582193,18.774099349975586
2019-11-27,19.90684931506849,18.946482300365048,18.875200271606445
2019-11-28,19.90958904109589,18.974823317095293,18.90369987487793
2019-11-29,19.912328767123288,18.94498956979573,18.873699188232422
2019-11-30,19.915068493150685,18.894373295370396,18.82279968261719
2019-12-01,19.91780821917808,18.894373295370396,18.82279968261719
2019-12-02,19.92054794520548,18.894373295370396,18.82279968261719
2019-12-03,19.923287671232877,18.840175984966834,18.768299102783203
2019-12-04,19.926027397260274,18.729795482449326,18.65730094909668
2019-12-05,19.92876712328767,18.70423697619581,18.63159942626953
2019-12-06,19.931506849315067,18.884728397092168,18.813100814819336
2019-12-07,19.934246575342467,18.79920650555489,18.727100372314457
2019-12-08,19.936986301369863,18.79920650555489,18.727100372314457
2019-12-09,19.93972602739726,18.79920650555489,18.727100372314457
2019-12-10,19.942465753424656,18.825658374067807,18.753700256347656
2019-12-11,19.945205479452056,18.857976844424293,18.78619956970215
2019-12-12,19.947945205479453,18.83739157775495,18.765499114990234
2019-12-13,19.95068493150685,18.863149241200052,18.791400909423828
2019-12-14,19.953424657534246,18.86981057507481,18.798099517822266
2019-12-15,19.956164383561642,18.86981057507481,18.798099517822266
2019-12-16,19.958904109589042,18.86981057507481,18.798099517822266
2019-12-17,19.96164383561644,18.918040756671427,18.846599578857422
2019-12-18,19.964383561643835,18.946184512945248,18.874900817871094
2019-12-19,19.96712328767123,19.03468807215084,18.963899612426758
2019-12-20,19.96986301369863,19.142982165994592,19.072799682617188
2019-12-21,19.972602739726028,19.132242851530222,19.062000274658203
2019-12-22,19.975342465753425,19.132242851530222,19.062000274658203
2019-12-23,19.97808219178082,19.132242851530222,19.062000274658203
2019-12-24,19.980821917808218,19.139899971362908,19.069700241088867
2019-12-25,19.983561643835618,19.120706908299507,19.050399780273438
2019-12-26,19.986301369863014,19.120706908299507,19.050399780273438
2019-12-27,19.98904109589041,19.120706908299507,19.050399780273438
2019-12-28,19.991780821917807,19.02822399873251,18.957399368286136
2019-12-29,19.994520547945207,19.02822399873251,18.957399368286136
2019-12-30,19.997260273972604,19.02822399873251,18.957399368286136
2019-12-31,20.0,18.973231956297763,18.902099609375
2020-01-01,20.002732240437158,19.002767916177525,18.93180084228516
2020-01-02,20.005464480874316,19.002767916177525,18.93180084228516
2020-01-03,20.008196721311474,19.04741706179591,18.976699829101566
2020-01-04,20.010928961748633,19.067704541045458,18.997100830078125
2020-01-05,20.01366120218579,19.067704541045458,18.997100830078125
2020-01-06,20.016393442622952,19.067704541045458,18.997100830078125
2020-01-07,20.01912568306011,19.129756231738135,19.05949974060059
2020-01-08,20.02185792349727,19.160185553877294,19.090099334716797
2020-01-09,20.024590163934427,19.262812203069064,19.193300247192386
2020-01-10,20.027322404371585,19.21537675350363,19.145599365234375
2020-01-11,20.030054644808743,19.200261671029843,19.130399703979496
2020-01-12,20.0327868852459,19.200261671029843,19.130399703979496
2020-01-13,20.03551912568306,19.200261671029843,19.130399703979496
2020-01-14,20.038251366120218,19.29900949682358,19.229700088500977
2020-01-15,20.040983606557376,19.293440682399808,19.22410011291504
2020-01-16,20.043715846994534,19.427092228570338,19.35849952697754
2020-01-17,20.046448087431695,19.475720724550126,19.407400131225586
2020-01-18,20.049180327868854,19.496802935830857,19.428600311279297
2020-01-19,20.05191256830601,19.496802935830857,19.428600311279297
2020-01-20,20.05464480874317,19.496802935830857,19.428600311279297
2020-01-21,20.057377049180328,19.509928343123946,19.44179916381836
2020-01-22,20.060109289617486,19.57068835717405,19.502899169921875
2020-01-23,20.062841530054644,19.56551785713345,19.497699737548828
2020-01-24,20.065573770491802,19.51927735071753,19.451200485229492
2020-01-25,20.06830601092896,19.47422799398081,19.405899047851562
2020-01-26,20.07103825136612,19.47422799398081,19.405899047851562
2020-01-27,20.07377049180328,19.47422799398081,19.405899047851562
2020-01-28,20.07650273224044,19.51400632371356,19.445899963378906
2020-01-29,20.079234972677597,19.542347340443804,19.47439956665039
2020-01-30,20.081967213114755,19.427291385761922,19.358699798583984
2020-01-31,20.084699453551913,19.308157450490423,19.23889923095703
2020-02-01,20.08743169398907,19.404320026263864,19.335599899291992
2020-02-02,20.09016393442623,19.404320026263864,19.335599899291992
2020-02-03,20.092896174863387,19.404320026263864,19.335599899291992
2020-02-04,20.095628415300546,19.59793685445331,19.530300140380863
2020-02-05,20.098360655737704,19.68176685822969,19.614599227905273
2020-02-06,20.101092896174862,19.785188239452644,19.718599319458008
2020-02-07,20.103825136612024,19.734473334799095,19.667600631713867
2020-02-08,20.10655737704918,19.83888860524482,19.772600173950195
2020-02-09,20.10928961748634,19.83888860524482,19.772600173950195
2020-02-10,20.112021857923498,19.83888860524482,19.772600173950195
2020-02-11,20.114754098360656,19.852611484112664,19.786399841308594
2020-02-12,20.117486338797814,19.887317944033025,19.821300506591797
2020-02-13,20.120218579234972,19.93763643103856,19.87190055847168
2020-02-14,20.12295081967213,19.951457940134617,19.885799407958984
2020-02-15,20.12568306010929,19.98109253024259,19.915599822998047
2020-02-16,20.128415300546447,19.98109253024259,19.915599822998047
2020-02-17,20.131147540983605,19.98109253024259,19.915599822998047
2020-02-18,20.133879781420767,19.98109253024259,19.915599822998047
2020-02-19,20.136612021857925,20.045035265887755,19.979900360107422
2020-02-20,20.139344262295083,20.412876702011662,20.34980010986328
2020-02-21,20.14207650273224,20.271069194661905,20.20719909667969
2020-02-22,20.1448087431694,20.017786768608495,19.952499389648438
2020-02-23,20.147540983606557,20.017786768608495,19.952499389648438
2020-02-24,20.150273224043715,20.017786768608495,19.952499389648438
2020-02-25,20.153005464480874,19.595251077469637,19.527599334716797
2020-02-26,20.15573770491803,19.439622061023822,19.3710994720459
2020-02-27,20.15846994535519,18.983973167497293,18.912900924682617
2020-02-28,20.161202185792348,19.021562664857754,18.950700759887695
2020-02-29,20.16393442622951,19.321085597327084,19.25189971923828
2020-03-01,20.166666666666668,19.321085597327084,19.25189971923828
2020-03-02,20.169398907103826,19.321085597327084,19.25189971923828
2020-03-03,20.172131147540984,19.16486100604167,19.09480094909668
2020-03-04,20.174863387978142,19.56104345889582,19.493200302124023
2020-03-05,20.1775956284153,19.26758438872649,19.19809913635254
2020-03-06,20.18032786885246,19.08063079114696,19.010099411010742
2020-03-07,20.183060109289617,18.063125318923902,17.986900329589844
2020-03-08,20.185792349726775,18.063125318923902,17.986900329589844
2020-03-09,20.188524590163933,18.063125318923902,17.986900329589844
2020-03-10,20.19125683060109,18.567702392585183,18.494300842285156
2020-03-11,20.193989071038253,17.71716082611191,17.638999938964847
2020-03-12,20.19672131147541,16.096429084662052,16.009199142456055
2020-03-13,20.19945355191257,17.009024238563157,16.92690086364746
2020-03-14,20.202185792349727,15.322460613250808,15.230899810791017
2020-03-15,20.204918032786885,15.322460613250808,15.230899810791017
2020-03-16,20.207650273224044,15.322460613250808,15.230899810791017
2020-03-17,20.2103825136612,15.644757644761768,15.555000305175783
2020-03-18,20.21311475409836,14.577529260372778,14.481800079345703
2020-03-19,20.215846994535518,15.463571070430014,15.37279987335205
2020-03-20,20.218579234972676,15.292528235723033,15.200799942016602
2020-03-21,20.221311475409838,14.963271134549936,14.86970043182373
2020-03-22,20.224043715846996,14.963271134549936,14.86970043182373
2020-03-23,20.226775956284154,14.963271134549936,14.86970043182373
2020-03-24,20.229508196721312,16.341657973234764,16.255800247192383
2020-03-25,20.23224043715847,16.9986813417468,16.916500091552738
2020-03-26,20.23497267759563,17.193292059159017,17.112199783325195
2020-03-27,20.237704918032787,16.491319860873634,16.406299591064453
2020-03-28,20.240437158469945,16.84494147351831,16.761899948120117
2020-03-29,20.243169398907103,16.84494147351831,16.761899948120117
2020-03-30,20.24590163934426,16.84494147351831,16.761899948120117
2020-03-31,20.24863387978142,16.90440791419069,16.821699142456055
2020-04-01,20.25136612021858,16.341458816043176,16.255599975585938
2020-04-02,20.25409836065574,16.420118319778954,16.334699630737305
2020-04-03,20.256830601092897,16.124174526552697,16.037099838256836
2020-04-04,20.259562841530055,17.129548480705438,17.048099517822266
2020-04-05,20.262295081967213,17.129548480705438,17.048099517822266
2020-04-06,20.26502732240437,17.129548480705438,17.048099517822266
2020-04-07,20.26775956284153,17.234362065534334,17.153499603271484
2020-04-08,20.270491803278688,17.82754322536458,17.75
2020-04-09,20.273224043715846,18.23914044484748,18.16390037536621
2020-04-10,20.275956284153004,17.94150476386032,17.864599227905273
2020-04-11,20.278688524590162,17.94150476386032,17.864599227905273
2020-04-12,20.281420765027324,17.94150476386032,17.864599227905273
2020-04-13,20.284153005464482,17.94150476386032,17.864599227905273
2020-04-14,20.28688524590164,18.343555715293203,18.26889991760254
2020-04-15,20.2896174863388,18.093156326679892,18.017099380493164
2020-04-16,20.292349726775956,18.22273178899596,18.14739990234375
2020-04-17,20.295081967213115,18.770565804669687,18.698299407958984
2020-04-18,20.297814207650273,18.68941968114182,18.61669921875
2020-04-19,20.30054644808743,18.68941968114182,18.61669921875
2020-04-20,20.30327868852459,18.68941968114182,18.61669921875
2020-04-21,20.306010928961747,18.235559408869246,18.16029930114746
2020-04-22,20.30874316939891,18.645864951709573,18.57290077209473
2020-04-23,20.311475409836067,18.461196919995384,18.38719940185547
2020-04-24,20.314207650273225,18.779715655071687,18.707500457763675
2020-04-25,20.316939890710383,19.08331656813063,19.01280021667481
2020-04-26,20.31967213114754,19.08331656813063,19.01280021667481
2020-04-27,20.3224043715847,19.08331656813063,19.01280021667481
2020-04-28,20.325136612021858,19.257342018873505,19.18779945373535
2020-04-29,20.327868852459016,19.713986698357964,19.64699935913086
2020-04-30,20.330601092896174,19.311738486468652,19.24250030517578
2020-05-01,20.333333333333332,19.097934705993033,19.027500152587894
2020-05-02,20.33606557377049,19.166351839875826,19.09630012512207
2020-05-03,20.338797814207652,19.166351839875826,19.09630012512207
2020-05-04,20.34153005464481,19.166351839875826,19.09630012512207
2020-05-05,20.34426229508197,19.33103017976027,19.26189994812012
2020-05-06,20.346994535519126,19.429379691170837,19.36079978942871
2020-05-07,20.349726775956285,19.607384492275113,19.5398006439209
2020-05-08,20.352459016393443,19.89258707430184,19.826599121093754
2020-05-09,20.3551912568306,20.014803204205023,19.949499130249023
2020-05-10,20.35792349726776,20.014803204205023,19.949499130249023
2020-05-11,20.360655737704917,20.014803204205023,19.949499130249023
2020-05-12,20.363387978142075,19.678982451017802,19.611799240112305
2020-05-13,20.366120218579233,19.285882192795338,19.21649932861328
2020-05-14,20.368852459016395,19.273750674725022,19.204299926757812
2020-05-15,20.371584699453553,19.507642777258603,19.439500808715824
2020-05-16,20.37431693989071,19.79682470964673,19.730300903320312
2020-05-17,20.37704918032787,19.79682470964673,19.730300903320312
2020-05-18,20.379781420765028,19.79682470964673,19.730300903320312
2020-05-19,20.382513661202186,19.79682470964673,19.730300903320312
2020-05-20,20.385245901639344,19.987158289277748,19.92169952392578
2020-05-21,20.387978142076502,20.124988343001263,20.060300827026367
2020-05-22,20.39071038251366,20.194101578687025,20.12980079650879
2020-05-23,20.39344262295082,20.412279230436905,20.349199295043945
2020-05-24,20.396174863387976,20.412279230436905,20.349199295043945
2020-05-25,20.398907103825138,20.412279230436905,20.349199295043945
2020-05-26,20.401639344262296,20.349531437941256,20.286100387573242
2020-05-27,20.404371584699454,20.502971622014783,20.440399169921875
2020-05-28,20.407103825136613,20.463293819245408,20.40049934387207
2020-05-29,20.40983606557377,20.497503334554384,20.434900283813477
2020-05-30,20.41256830601093,20.475228076859295,20.412500381469727
2020-05-31,20.415300546448087,20.475228076859295,20.412500381469727
2020-06-01,20.418032786885245,20.475228076859295,20.412500381469727
2020-06-02,20.420765027322403,20.72473220647805,20.663400650024414
2020-06-03,20.42349726775956,21.065624829477656,21.006200790405277
2020-06-04,20.42622950819672,20.93137581173237,20.871200561523438
2020-06-05,20.42896174863388,21.222446892337828,21.16390037536621
2020-06-06,20.43169398907104,21.26789266672256,21.2096004486084
2020-06-07,20.434426229508198,21.26789266672256,21.2096004486084
2020-06-08,20.437158469945356,21.26789266672256,21.2096004486084
2020-06-09,20.439890710382514,21.158007212081277,21.09910011291504
2020-06-10,20.442622950819672,21.0842204209663,21.024900436401367
2020-06-11,20.44535519125683,20.320393792444666,20.256799697875977
2020-06-12,20.44808743169399,20.606294373009522,20.544300079345703
2020-06-13,20.450819672131146,20.786087795367756,20.725099563598633
2020-06-14,20.453551912568305,20.786087795367756,20.725099563598633
2020-06-15,20.456284153005466,20.786087795367756,20.725099563598633
2020-06-16,20.459016393442624,21.002476825863678,20.942699432373047
2020-06-17,20.461748633879782,20.880061538768906,20.81959915161133
2020-06-18,20.46448087431694,20.98258955773246,20.922700881958008
2020-06-19,20.4672131147541,20.87956459415752,20.81909942626953
2020-06-20,20.469945355191257,20.96090987487697,20.90089988708496
2020-06-21,20.472677595628415,20.96090987487697,20.90089988708496
2020-06-22,20.475409836065573,20.96090987487697,20.90089988708496
2020-06-23,20.47814207650273,20.95345191223587,20.893400192260742
2020-06-24,20.48087431693989,20.653230981228415,20.59149932861328
2020-06-25,20.483606557377048,20.75844288044048,20.69729995727539
2020-06-26,20.48633879781421,20.481392466122667,20.418699264526367
2020-06-27,20.489071038251367,20.795833220609357,20.734899520874023
2020-06-28,20.491803278688526,20.795833220609357,20.734899520874023
2020-06-29,20.494535519125684,20.795833220609357,20.734899520874023
2020-06-30,20.497267759562842,20.818705949879202,20.757900238037113
2020-07-01,20.5,20.936745468964556,20.87660026550293
2020-07-02,20.502732240437158,20.936745468964556,20.87660026550293
2020-07-03,20.505464480874316,20.910293600451638,20.850000381469727
2020-07-04,20.508196721311474,21.130362297154004,21.071300506591797
2020-07-05,20.510928961748633,21.130362297154004,21.071300506591797
2020-07-06,20.51366120218579,21.130362297154004,21.071300506591797
2020-07-07,20.516393442622952,20.951860551438344,20.891799926757812
2020-07-08,20.51912568306011,21.16397434088822,21.105100631713867
2020-07-09,20.52185792349727,21.136228898997576,21.077199935913086
2020-07-10,20.524590163934427,21.293250119049333,21.23509979248047
2020-07-11,20.527322404371585,21.128173464781717,21.06909942626953
2020-07-12,20.530054644808743,21.128173464781717,21.06909942626953
2020-07-13,20.5327868852459,21.128173464781717,21.06909942626953
2020-07-14,20.53551912568306,21.462801171554577,21.40559959411621
2020-07-15,20.538251366120218,21.90393245418208,21.849199295043945
2020-07-16,20.540983606557376,21.924219933431623,21.869600296020508
2020-07-17,20.543715846994537,22.22066067126927,22.167699813842773
2020-07-18,20.546448087431695,22.2316996698886,22.178800582885742
2020-07-19,20.549180327868854,22.2316996698886,22.178800582885742
2020-07-20,20.55191256830601,22.2316996698886,22.178800582885742
2020-07-21,20.55464480874317,22.1194281224186,22.065900802612305
2020-07-22,20.557377049180328,22.236471855546025,22.183599472045902
2020-07-23,20.560109289617486,22.033308759306564,21.979299545288086
2020-07-24,20.562841530054644,21.887326537874134,21.832500457763672
2020-07-25,20.565573770491802,21.987764354693617,21.933500289916992
2020-07-26,20.56830601092896,21.987764354693617,21.933500289916992
2020-07-27,20.57103825136612,21.987764354693617,21.933500289916992
2020-07-28,20.57377049180328,21.893490927137506,21.838699340820312
2020-07-29,20.57650273224044,22.246814752362383,22.194000244140625
2020-07-30,20.579234972677597,22.383548493164596,22.331499099731445
2020-07-31,20.581967213114755,22.323186793497662,22.27079963684082
2020-08-01,20.584699453551913,22.5803480429491,22.529399871826172
2020-08-02,20.58743169398907,22.5803480429491,22.529399871826172
2020-08-03,20.59016393442623,22.5803480429491,22.529399871826172
2020-08-04,20.592896174863387,22.5803480429491,22.529399871826172
2020-08-05,20.595628415300546,22.702165858469115,22.651899337768555
2020-08-06,20.598360655737704,22.83393015315747,22.784400939941406
2020-08-07,20.601092896174862,23.09655969006931,23.048500061035156
2020-08-08,20.603825136612024,23.134746659004527,23.08690071105957
2020-08-09,20.60655737704918,23.134746659004527,23.08690071105957
2020-08-10,20.60928961748634,23.134746659004527,23.08690071105957
2020-08-11,20.612021857923498,23.069510349981634,23.021299362182617
2020-08-12,20.614754098360656,23.039678499417235,22.991300582885742
2020-08-13,20.617486338797814,23.032319167004346,22.98390007019043
2020-08-14,20.620218579234972,23.117144956738656,23.06920051574707
2020-08-15,20.62295081967213,23.288386000269643,23.24139976501465
2020-08-16,20.62568306010929,23.288386000269643,23.24139976501465
2020-08-17,20.628415300546447,23.288386000269643,23.24139976501465
2020-08-18,20.631147540983605,23.209328182150692,23.16189956665039
2020-08-19,20.633879781420767,23.274564491173585,23.227500915527344
2020-08-20,20.636612021857925,23.45863315457786,23.412599563598633
2020-08-21,20.639344262295083,23.388425502705953,23.341999053955078
2020-08-22,20.64207650273224,23.549923017730496,23.5044002532959
2020-08-23,20.6448087431694,23.549923017730496,23.5044002532959
2020-08-24,20.647540983606557,23.549923017730496,23.5044002532959
2020-08-25,20.650273224043715,23.451871293739732,23.405799865722656
2020-08-26,20.653005464480874,23.712712209397612,23.668100357055664
2020-08-27,20.65573770491803,23.603921170942474,23.558700561523438
2020-08-28,20.65846994535519,23.650559991741563,23.605600357055668
2020-08-29,20.661202185792348,23.40135364954261,23.35499954223633
2020-08-30,20.66393442622951,23.40135364954261,23.35499954223633
2020-08-31,20.666666666666668,23.40135364954261,23.35499954223633
2020-09-01,20.669398907103826,23.870230374060757,23.826499938964844
2020-09-02,20.672131147540984,23.925222416495505,23.881799697875977
2020-09-03,20.674863387978142,23.529337751061153,23.483699798583984
2020-09-04,20.6775956284153,23.219570552003677,23.17219924926758
2020-09-05,20.68032786885246,23.054992739082607,23.00670051574707
2020-09-06,20.683060109289617,23.054992739082607,23.00670051574707
2020-09-07,20.685792349726775,23.054992739082607,23.00670051574707
2020-09-08,20.688524590163933,23.054992739082607,23.00670051574707
2020-09-09,20.69125683060109,23.458733681541233,23.412700653076175
2020-09-10,20.693989071038253,23.301016359686503,23.25410079956055
2020-09-11,20.69672131147541,23.2863982218241,23.239400863647464
2020-09-12,20.69945355191257,23.529239120832937,23.48360061645508
2020-09-13,20.702185792349727,23.529239120832937,23.48360061645508
2020-09-14,20.704918032786885,23.529239120832937,23.48360061645508
2020-09-15,20.707650273224044,23.660900991822764,23.615999221801758
2020-09-16,20.7103825136612,23.446600266735757,23.40049934387207
2020-09-17,20.71311475409836,23.25914972454484,23.211999893188477
2020-09-18,20.715846994535518,23.324683820987534,23.27790069580078
2020-09-19,20.718579234972676,23.165771555983287,23.118099212646484
2020-09-20,20.721311475409838,23.165771555983287,23.118099212646484
2020-09-21,20.724043715846996,23.165771555983287,23.118099212646484
2020-09-22,20.726775956284154,23.482101458687303,23.436199188232422
2020-09-23,20.729508196721312,23.163186305962988,23.11549949645996
2020-09-24,20.73224043715847,23.183174101057574,23.13559913635254
2020-09-25,20.73497267759563,23.593578274126116,23.54829978942871
2020-09-26,20.737704918032787,23.98826989314611,23.945199966430668
2020-09-27,20.740437158469945,23.98826989314611,23.945199966430668
2020-09-28,20.743169398907103,23.98826989314611,23.945199966430668
2020-09-29,20.74590163934426,24.207543857817292,24.165700912475586
2020-09-30,20.74863387978142,24.148672991984512,24.10650062561035
2020-10-01,20.75136612021858,24.503884068691562,24.463699340820312
2020-10-02,20.75409836065574,24.468682560894973,24.428300857543945
2020-10-03,20.756830601092897,24.91040941836207,24.872499465942383
2020-10-04,20.759562841530055,24.91040941836207,24.872499465942383
2020-10-05,20.762295081967213,24.91040941836207,24.872499465942383
2020-10-06,20.76502732240437,24.725246338771655,24.68630027770996
2020-10-07,20.76775956284153,25.21212118320369,25.175899505615238
2020-10-08,20.770491803278688,25.109993375358464,25.073200225830078
2020-10-09,20.773224043715846,25.33940918291926,25.30389976501465
2020-10-10,20.775956284153004,25.636447392331657,25.60260009765625
2020-10-11,20.778688524590162,25.636447392331657,25.60260009765625
2020-10-12,20.781420765027324,25.636447392331657,25.60260009765625
2020-10-13,20.784153005464482,25.636447392331657,25.60260009765625
2020-10-14,20.78688524590164,25.558980935010236,25.524700164794922
2020-10-15,20.7896174863388,25.720776237454583,25.687400817871094
2020-10-16,20.792349726775956,25.667373659082205,25.633699417114258
2020-10-17,20.795081967213115,25.497424292193788,25.462799072265625
2020-10-18,20.797814207650273,25.497424292193788,25.462799072265625
2020-10-19,20.80054644808743,25.497424292193788,25.462799072265625
2020-10-20,20.80327868852459,25.423637501078808,25.388599395751953
2020-10-21,20.806010928961747,25.25856274354635,25.22260093688965
2020-10-22,20.80874316939891,25.362678329837117,25.327299118041996
2020-10-23,20.811475409836067,25.376501735668334,25.341199874877933
2020-10-24,20.814207650273225,25.058083527555404,25.020999908447266
2020-10-25,20.816939890710383,25.058083527555404,25.020999908447266
2020-10-26,20.81967213114754,25.058083527555404,25.020999908447266
2020-10-27,20.8224043715847,24.967688923397322,24.930099487304688
2020-10-28,20.825136612021858,24.511840872679205,24.471700668334964
2020-10-29,20.827868852459016,24.557683064711952,24.517799377441406
2020-10-30,20.830601092896174,24.1634902870385,24.121400833129883
2020-10-31,20.833333333333332,24.321207608893232,24.280000686645508
2020-11-01,20.83606557377049,24.321207608893232,24.280000686645508
2020-11-02,20.838797814207652,24.321207608893232,24.280000686645508
2020-11-03,20.84153005464481,24.665580740907693,24.626300811767578
2020-11-04,20.84426229508197,24.85680957953327,24.818599700927734
2020-11-05,20.846994535519126,25.62938774407373,25.595500946044922
2020-11-06,20.849726775956285,25.620038736480144,25.58609962463379
2020-11-07,20.852459016393443,25.951783405812904,25.919700622558594
2020-11-08,20.8551912568306,25.951783405812904,25.919700622558594
2020-11-09,20.85792349726776,25.951783405812904,25.919700622558594
2020-11-10,20.860655737704917,25.93666642660396,25.904499053955078
2020-11-11,20.863387978142075,26.192934313796,26.162200927734375
2020-11-12,20.866120218579233,25.83264947054141,25.799900054931644
2020-11-13,20.868852459016395,26.04267495458237,26.01110076904297
2020-11-14,20.871584699453553,26.29486296444964,26.264699935913086
2020-11-15,20.87431693989071,26.29486296444964,26.264699935913086
2020-11-16,20.87704918032787,26.29486296444964,26.264699935913086
2020-11-17,20.879781420765028,26.358805700094802,26.32900047302246
2020-11-18,20.882513661202186,26.134759549766194,26.103700637817383
2020-11-19,20.885245901639344,26.3616887375349,26.331899642944336
2020-11-20,20.887978142076502,26.52587013280796,26.496999740600586
2020-11-21,20.89071038251366,26.78621410385446,26.7588005065918
2020-11-22,20.89344262295082,26.78621410385446,26.7588005065918
2020-11-23,20.896174863387976,26.78621410385446,26.7588005065918
2020-11-24,20.898907103825138,27.19761216614577,27.172500610351562
2020-11-25,20.901639344262296,27.241565209961188,27.216699600219727
2020-11-26,20.904371584699454,27.320423870888554,27.29599952697754
2020-11-27,20.907103825136613,27.4994225612156,27.47599983215332
2020-11-28,20.90983606557377,27.24783012618793,27.222999572753906
2020-11-29,20.91256830601093,27.24783012618793,27.222999572753906
2020-11-30,20.915300546448087,27.24783012618793,27.222999572753906
2020-12-01,20.918032786885245,27.213125563002727,27.18810081481934
2020-12-02,20.920765027322403,27.275475041115204,27.25079917907715
2020-12-03,20.92349726775956,27.3799908385243,27.355899810791016
2020-12-04,20.92622950819672,27.57012715769889,27.547100067138672
2020-12-05,20.92896174863388,27.564956657658293,27.54190063476563
2020-12-06,20.93169398907104,27.564956657658293,27.54190063476563
2020-12-07,20.934426229508198,27.564956657658293,27.54190063476563
2020-12-08,20.937158469945356,27.76215262509081,27.740200042724613
2020-12-09,20.939890710382514,27.685680056992158,27.663299560546875
2020-12-10,20.942622950819672,27.8159516211112,27.794300079345703
2020-12-11,20.94535519125683,27.811278065681986,27.789600372314453
2020-12-12,20.94808743169399,27.8059084084498,27.78420066833496
2020-12-13,20.950819672131146,27.8059084084498,27.78420066833496
2020-12-14,20.953551912568305,27.8059084084498,27.78420066833496
2020-12-15,20.956284153005463,28.229039674428254,28.209699630737305
2020-12-16,20.959016393442624,28.341709536281424,28.322999954223633
2020-12-17,20.961748633879782,28.554519427534274,28.53700065612793
2020-12-18,20.96448087431694,28.663010781834455,28.646099090576172
2020-12-19,20.9672131147541,28.69692250972363,28.680200576782227
2020-12-20,20.969945355191257,28.69692250972363,28.680200576782227
2020-12-21,20.972677595628415,28.69692250972363,28.680200576782227
2020-12-22,20.975409836065573,28.938769519509698,28.923400878906254
2020-12-23,20.97814207650273,28.913707957867565,28.898199081420902
2020-12-24,20.98087431693989,28.94075729795524,28.925399780273438
2020-12-25,20.983606557377048,28.906249995226464,28.89069938659668
2020-12-26,20.98633879781421,28.906249995226464,28.89069938659668
2020-12-27,20.989071038251367,28.906249995226464,28.89069938659668
2020-12-28,20.991803278688526,28.906249995226464,28.89069938659668
2020-12-29,20.994535519125684,28.906249995226464,28.89069938659668
2020-12-30,20.997267759562842,29.053129372388607,29.038400650024414
2020-12-31,21.0,28.894913209187337,28.87929916381836
2021-01-01,21.002739726027396,28.64958758712157,28.632600784301758
2021-01-02,21.005479452054793,28.64958758712157,28.632600784301758
2021-01-03,21.008219178082193,28.64958758712157,28.632600784301758
2021-01-04,21.01095890410959,28.64958758712157,28.632600784301758
2021-01-05,21.013698630136986,28.980036786341444,28.96489906311035
2021-01-06,21.016438356164382,29.509872682101282,29.49769973754883
2021-01-07,21.019178082191782,29.98700399802687,29.977500915527347
2021-01-08,21.02191780821918,30.06337603916215,30.05430030822754
2021-01-09,21.024657534246575,30.064170771193336,30.055099487304688
2021-01-10,21.027397260273972,30.064170771193336,30.055099487304688
2021-01-11,21.03013698630137,30.064170771193336,30.055099487304688
2021-01-12,21.03287671232877,30.196331483529704,30.187999725341797
2021-01-13,21.035616438356165,30.06755264997998,30.058500289916996
2021-01-14,21.03835616438356,29.886962598855405,29.87689971923828
2021-01-15,21.041095890410958,29.722483416162547,29.71150016784668
2021-01-16,21.043835616438358,29.86220072136823,29.851999282836918
2021-01-17,21.046575342465754,29.86220072136823,29.851999282836918
2021-01-18,21.04931506849315,29.86220072136823,29.851999282836918
2021-01-19,21.052054794520547,30.170078772208374,30.16160011291504
2021-01-20,21.054794520547944,30.269820487224884,30.261899948120117
2021-01-21,21.057534246575344,30.210750464200522,30.202499389648438
2021-01-22,21.06027397260274,30.295775411126417,30.288000106811527
2021-01-23,21.063013698630137,30.189271835271775,30.18090057373047
2021-01-24,21.065753424657533,30.189271835271775,30.18090057373047
2021-01-25,21.068493150684933,30.189271835271775,30.18090057373047
2021-01-26,21.07123287671233,29.842709870885027,29.832399368286136
2021-01-27,21.073972602739726,29.11508243285307,29.10070037841797
2021-01-28,21.076712328767123,29.623437802949006,29.611900329589847
2021-01-29,21.07945205479452,28.941652556949798,28.92630004882813
2021-01-30,21.08219178082192,29.661325087729267,29.649999618530273
2021-01-31,21.084931506849315,29.661325087729267,29.649999618530273
2021-02-01,21.087671232876712,29.661325087729267,29.649999618530273
2021-02-02,21.09041095890411,30.144025218078628,30.135400772094727
2021-02-03,21.09315068493151,30.199912519507937,30.191600799560547
2021-02-04,21.095890410958905,30.69235617836374,30.686800003051758
2021-02-05,21.0986301369863,30.827896872751595,30.82309913635254
2021-02-06,21.101369863013698,31.26336071072711,31.26099967956543
2021-02-07,21.104109589041094,31.26336071072711,31.26099967956543
2021-02-08,21.106849315068494,31.26336071072711,31.26099967956543
2021-02-09,21.10958904109589,31.247748683641937,31.24530029296875
2021-02-10,21.112328767123287,31.22060071332605,31.21800041198731
2021-02-11,21.115068493150684,31.27012257156524,31.267799377441406
2021-02-12,21.117808219178084,31.446536011871984,31.445199966430668
2021-02-13,21.12054794520548,31.4391766794591,31.43779945373535
2021-02-14,21.123287671232877,31.4391766794591,31.43779945373535
2021-02-15,21.126027397260273,31.4391766794591,31.43779945373535
2021-02-16,21.12876712328767,31.4391766794591,31.43779945373535
2021-02-17,21.13150684931507,31.281956302215754,31.279699325561527
2021-02-18,21.134246575342466,31.00172506303804,30.997900009155273
2021-02-19,21.136986301369863,31.279471579158827,31.27720069885254
2021-02-20,21.13972602739726,31.006597775658843,31.00279998779297
2021-02-21,21.14246575342466,31.006597775658843,31.00279998779297
2021-02-22,21.145205479452056,31.006597775658843,31.00279998779297
2021-02-23,21.147945205479452,30.927242170120092,30.92300033569336
2021-02-24,21.15068493150685,31.03265132978859,31.02899932861328
2021-02-25,21.153424657534245,30.42614560547367,30.419099807739258
2021-02-26,21.156164383561645,30.68032329052164,30.674699783325195
2021-02-27,21.15890410958904,31.153972200697215,31.150999069213867
2021-02-28,21.161643835616438,31.153972200697215,31.150999069213867
2021-03-01,21.164383561643834,31.153972200697215,31.150999069213867
2021-03-02,21.167123287671235,31.18171764258786,31.17889976501465
2021-03-03,21.16986301369863,30.815169779841682,30.810300827026367
2021-03-04,21.172602739726027,30.381595090083497,30.374300003051758
2021-03-05,21.175342465753424,30.806219086631266,30.801300048828125
2021-03-06,21.17808219178082,30.93658928097852,30.93239974975586
2021-03-07,21.18082191780822,30.93658928097852,30.93239974975586
2021-03-08,21.183561643835617,30.93658928097852,30.93239974975586
2021-03-09,21.186301369863013,31.37941245136692,31.377700805664062
2021-03-10,21.18904109589041,31.3094039566866,31.307300567626953
2021-03-11,21.19178082191781,31.762666757384416,31.763099670410156
2021-03-12,21.194520547945206,31.782356765059205,31.782899856567383
2021-03-13,21.197260273972603,32.06467630964583,32.06679916381837
2021-03-14,21.2,32.06467630964583,32.06679916381837
2021-03-15,21.202739726027396,32.06467630964583,32.06679916381837
2021-03-16,21.205479452054796,31.84202236292317,31.842899322509766
2021-03-17,21.208219178082192,31.672968255029307,31.672899246215824
2021-03-18,21.21095890410959,31.304332086874215,31.302200317382812
2021-03-19,21.213698630136985,31.337644446453474,31.3356990814209
2021-03-20,21.216438356164385,31.42276992034274,31.421300888061523
2021-03-21,21.21917808219178,31.42276992034274,31.421300888061523
2021-03-22,21.221917808219178,31.42276992034274,31.421300888061523
2021-03-23,21.224657534246575,31.210058659318104,31.207399368286133
2021-03-24,21.22739726027397,30.884979117330417,30.880500793457035
2021-03-25,21.23013698630137,31.040308449621275,31.036699295043945
2021-03-26,21.232876712328768,31.369566499161948,31.367799758911133
2021-03-27,21.235616438356164,31.234621379613692,31.232099533081055
2021-03-28,21.23835616438356,31.234621379613692,31.232099533081055
2021-03-29,21.24109589041096,31.234621379613692,31.232099533081055
2021-03-30,21.243835616438357,31.398704144658538,31.3971004486084
2021-03-31,21.246575342465754,31.541803328650865,31.541000366210938
2021-04-01,21.24931506849315,31.938184938696608,31.93959999084473
2021-04-02,21.252054794520546,31.995862758115027,31.997600555419925
2021-04-03,21.254794520547946,31.995862758115027,31.997600555419925
2021-04-04,21.257534246575343,31.995862758115027,31.997600555419925
2021-04-05,21.26027397260274,31.995862758115027,31.997600555419925
2021-04-06,21.263013698630136,32.192660411164375,32.195499420166016
2021-04-07,21.265753424657536,32.21016348320204,32.21310043334961
2021-04-08,21.268493150684932,32.313383810498244,32.316898345947266
2021-04-09,21.27123287671233,32.40258726497713,32.40660095214844
2021-04-10,21.273972602739725,32.33406960413096,32.33769989013672
2021-04-11,21.276712328767122,32.33406960413096,32.33769989013672
2021-04-12,21.279452054794522,32.33406960413096,32.33769989013672
2021-04-13,21.28219178082192,32.26972855410263,32.27299880981445
2021-04-14,21.284931506849315,32.291605497414544,32.29499816894531
2021-04-15,21.28767123287671,32.4637455934104,32.468101501464844
2021-04-16,21.29041095890411,32.56080153144324,32.56570053100586
2021-04-17,21.293150684931508,32.337749270337405,32.341400146484375
2021-04-18,21.295890410958904,32.337749270337405,32.341400146484375
2021-04-19,21.2986301369863,32.337749270337405,32.341400146484375
2021-04-20,21.301369863013697,32.08038886369438,32.08259963989258
2021-04-21,21.304109589041097,32.19246315070795,32.1953010559082
2021-04-22,21.306849315068494,32.13428648994299,32.13679885864258
2021-04-23,21.30958904109589,32.30075534781654,32.30419921875
2021-04-24,21.312328767123287,32.37812317490975,32.38199996948242
2021-04-25,21.315068493150687,32.37812317490975,32.38199996948242
2021-04-26,21.317808219178083,32.37812317490975,32.38199996948242
2021-04-27,21.32054794520548,32.448230299818285,32.45249938964844
2021-04-28,21.323287671232876,32.37384793386371,32.37770080566406
2021-04-29,21.326027397260273,32.251531276997156,32.25469970703125
2021-04-30,21.328767123287673,31.9679181590328,31.969499588012695
2021-05-01,21.33150684931507,31.961653242806054,31.963199615478512
2021-05-02,21.334246575342465,31.961653242806054,31.963199615478512
2021-05-03,21.336986301369862,31.961653242806054,31.963199615478512
2021-05-04,21.339726027397262,31.724978629795743,31.725200653076175
2021-05-05,21.34246575342466,31.676448764044164,31.67639923095703
2021-05-06,21.345205479452055,31.48780517543889,31.486700057983402
2021-05-07,21.34794520547945,31.77281049700919,31.773300170898438
2021-05-08,21.350684931506848,31.484523823615618,31.483400344848633
2021-05-09,21.353424657534248,31.484523823615618,31.483400344848633
2021-05-10,21.356164383561644,31.484523823615618,31.483400344848633
2021-05-11,21.35890410958904,31.3048290314856,31.30270004272461
2021-05-12,21.361643835616437,31.042994226604947,31.039400100708008
2021-05-13,21.364383561643837,31.309999531526202,31.307899475097656
2021-05-14,21.367123287671234,31.782356765059205,31.782899856567383
2021-05-15,21.36986301369863,31.685300827026367,31.685300827026367
2021-05-16,21.372602739726027,31.685300827026367,31.685300827026367
2021-05-17,21.375342465753423,31.685300827026367,31.685300827026367
